Nom,Souhait_1,Souhait_2,Souhait_3,Souhait_4,Souhait_5
Strays,González Lobo,La Combe,Winternheimer,Mary,Wendling
Drifter,Dammegaard Søllested,Massol,Pélassy,Bohnert,Hoffmann
Wishlist,Nunes,Pélassy,Hoffmann,Bertin,Wendling
Risk of Pinching,Davies,Kozar,Dercourt,Martin,Lavolé
The Whale,Turan,Gmosinska,Eschbach,Triolo,Mary
Tall Mountain,Pavlove,Hoffmann,Eschbach,Spur,Pélassy
Paradox,Hoffmann,Bohnert,Gmosinska,O'Dempsey,Pélassy
Crumbs,Quére,Bertin,Dercourt,González Lobo,Eschbach
I can feel you,Pélassy,Martin,Hoffmann,Dammegaard Søllested,Dercourt
Le joueur,Knöller,Triolo,Eschbach,Nunes,Dobreva
Rocks like,Knöller,Spur,Winternheimer,Davies,Gmosinska
Tough,Dobreva,O'Dempsey,Knöller,Turan,Gerhards
Incubator,Gmosinska,González Lobo,Winternheimer,Pavlove,Bohnert
A night in paradise,Premel,Dammegaard Søllested,Lavolé,Dobreva,Bertin
Daydreaming,Lavolé,Nunes,Gmosinska,Knöller,Martin
Breathless,Hoffmann,Davies,Gmosinska,Mary,Triolo
Wagner and Satan,Dercourt,Turan,Pélassy,Lavolé,Spur
The Man,Guth,Pavlove,Dobreva,Eschbach,O'Dempsey
